{
	"class_name" : "PinholeCameraParameters",
	"extrinsic" : 
	[
		-0.46021198813540731,
		-0.88675373453395601,
		-0.043275169168220433,
		0.0,
		0.54231754926477749,
		-0.24219327562206017,
		-0.80450860343622344,
		0.0,
		0.70292005358781851,
		-0.39371338754675234,
		0.59236236100089901,
		0.0,
		-1.435731696164227,
		0.68962868032790969,
		4.9005349985865276,
		1.0
	],
	"intrinsic" : 
	{
		"height" : 1055,
		"intrinsic_matrix" : 
		[
			913.65680099258282,
			0.0,
			0.0,
			0.0,
			913.65680099258282,
			0.0,
			959.5,
			527.0,
			1.0
		],
		"width" : 1920
	},
	"version_major" : 1,
	"version_minor" : 0
}