{
	"class_name" : "PinholeCameraParameters",
	"extrinsic" : 
	[
		0.92605347626700574,
		-0.32774644550829718,
		0.18710218211039462,
		0.0,
		-0.3524083922234349,
		-0.57360167839004206,
		0.73945212126183035,
		0.0,
		-0.13503067867817359,
		-0.75070858660654971,
		-0.64668642618421202,
		0.0,
		0.76275813022442884,
		1.52770795354221,
		-1.0507624689807,
		1.0
	],
	"intrinsic" : 
	{
		"height" : 1055,
		"intrinsic_matrix" : 
		[
			913.65680099258282,
			0.0,
			0.0,
			0.0,
			913.65680099258282,
			0.0,
			959.5,
			527.0,
			1.0
		],
		"width" : 1920
	},
	"version_major" : 1,
	"version_minor" : 0
}