{
	"class_name" : "PinholeCameraParameters",
	"extrinsic" : 
	[
		-0.97017932528512563,
		-0.0059628243415028315,
		-0.24231492218840101,
		0.0,
		0.22424246173370196,
		-0.40159751762110041,
		-0.88793848446622659,
		0.0,
		-0.092018450024479573,
		-0.9157968544204782,
		0.39095872709104479,
		0.0,
		-0.39099208870781121,
		1.2694786949571584,
		3.0726900893201745,
		1.0
	],
	"intrinsic" : 
	{
		"height" : 1055,
		"intrinsic_matrix" : 
		[
			913.65680099258282,
			0.0,
			0.0,
			0.0,
			913.65680099258282,
			0.0,
			959.5,
			527.0,
			1.0
		],
		"width" : 1920
	},
	"version_major" : 1,
	"version_minor" : 0
}