{
	"class_name" : "PinholeCameraParameters",
	"extrinsic" : 
	[
		-0.1873271800830876,
		0.94486927418191968,
		-0.26857137283979249,
		0.0,
		-0.081966125700053738,
		-0.28749350402052753,
		-0.95426885068293099,
		0.0,
		-0.97887184137651118,
		-0.15674673793394001,
		0.13130262109808499,
		0.0,
		-1.6868668902781017,
		-1.1962980196493627,
		5.9216167506431496,
		1.0
	],
	"intrinsic" : 
	{
		"height" : 768,
		"intrinsic_matrix" : 
		[
			665.1075101064489,
			0.0,
			0.0,
			0.0,
			665.1075101064489,
			0.0,
			511.5,
			383.5,
			1.0
		],
		"width" : 1024
	},
	"version_major" : 1,
	"version_minor" : 0
}