{
	"class_name" : "PinholeCameraParameters",
	"extrinsic" : 
	[
		0.40358965484973708,
		0.14106587565733303,
		-0.90399989448190765,
		0.0,
		-0.39412369039071876,
		-0.86486876239605293,
		-0.31091564853561288,
		0.0,
		-0.82570085816297356,
		0.4817701138058999,
		-0.29345468180347595,
		0.0,
		-0.331146599148608,
		1.9579505003001429,
		2.8301228945978689,
		1.0
	],
	"intrinsic" : 
	{
		"height" : 768,
		"intrinsic_matrix" : 
		[
			665.1075101064489,
			0.0,
			0.0,
			0.0,
			665.1075101064489,
			0.0,
			511.5,
			383.5,
			1.0
		],
		"width" : 1024
	},
	"version_major" : 1,
	"version_minor" : 0
}