{
	"class_name" : "PinholeCameraParameters",
	"extrinsic" : 
	[
		0.95710814087168661,
		-0.18793395096711313,
		-0.22051040055071003,
		0.0,
		-0.13901092663310055,
		0.36989449128197927,
		-0.91861527724932412,
		0.0,
		0.25420458090630588,
		0.90986751529721988,
		0.32790415619981533,
		0.0,
		-0.21774518872683046,
		-0.22706999835560521,
		0.06486589897377569,
		1.0
	],
	"intrinsic" : 
	{
		"height" : 1055,
		"intrinsic_matrix" : 
		[
			913.65680099258282,
			0.0,
			0.0,
			0.0,
			913.65680099258282,
			0.0,
			959.5,
			527.0,
			1.0
		],
		"width" : 1920
	},
	"version_major" : 1,
	"version_minor" : 0
}